index,x1,x2,x3,x4,x5,x6,x7,x8,x9,x10,x11,x12,x13,x14,x15,x16,x17,x18,x19,x20,x21,x22,target,target_by_group
C4_Sc,21,3,4,3,1.36,0.188,17.8,6.5615,1.59,1814,3103,2985,44.956,196,1.868484,3.659682,2.290298,2.291456,2.292322,2.293964,0.0614,2.32872,1.057873,2
C4_Ti,22,4,4,4,1.54,0.084,14.6,6.8281,1.48,1941,3560,4507,47.867,197,1.758471,3.242423,2.0987,2.098727,2.101113,2.101496,0.053793,3.029296,0.646678,2
C4_V ,23,5,4,5,1.63,0.5277,12.4,6.7462,1.44,2183,3680,6110,50.942,198,1.657997,3.020832,2.021894,2.022039,2.02232,2.022393,0.059781,2.474803,0.044558,0
C4_Cr,24,6,4,6,1.66,0.6758,11.6,6.7665,1.3,2180,2944,7140,51.996,197,1.612457,2.941664,1.994254,1.99452,1.996443,1.996671,0.063873,2.115178,0.360666,2
C4_Mn,25,7,4,7,1.55,-0.52,9.4,7.434,1.29,1519,2334,7470,54.938,198,1.568974,2.542498,1.95888,1.959021,2.003927,2.003972,0.069508,1.710041,0.49526,2
C4_Fe,26,8,4,8,1.83,0.1532,8.4,7.9024,1.24,1811,3134,7874,55.845,193,1.521668,2.233421,1.945174,1.945581,1.959281,1.959397,0.07385,1.455133,0.3637,2
C4_Co,27,9,4,9,1.88,0.6623,7.5,7.881,1.18,1768,3200,8900,58.933,194,1.713176,1.154536,1.853183,1.915776,1.927303,2.067013,0.047322,4.033058,-0.262473,2
C4_Ni,28,10,4,10,1.91,1.1572,6.8,7.6398,1.17,1728,3186,8908,58.693,195,1.761491,1.125279,1.853396,1.856927,1.938048,2.088862,0.047884,4.321466,-0.661814,2
C4_Cu,29,11,4,11,1.9,1.2358,6.2,7.7264,1.22,1357.77,3200,8920,63.546,196,1.968205,1.108112,1.89729,1.903536,1.939454,2.065209,0.025361,4.824064,-0.330046,2
C4_Zn,30,12,4,12,1.65,-0.62,5.75,9.3942,1.2,692.68,1180,7140,65.38,197,1.619725,2.803551,1.963499,1.963536,1.963875,1.963925,0.05809,2.630721,1.823323,2
C4_Y ,39,3,5,3,1.22,0.307,22.7,6.2173,1.76,1799,3618,4472,88.906,196,2.044176,3.638163,2.396085,2.397465,2.409578,2.417414,0.049511,3.408157,1.112474,2
C4_Zr,40,4,5,4,1.33,0.4333,17.9,6.6339,1.64,2128,4682,6511,91.224,197,1.914882,3.557327,2.214514,2.21453,2.21471,2.214837,0.044519,3.803673,0.677871,2
C4_Nb,41,5,5,5,1.6,0.9174,15.7,6.7589,1.56,2750,5017,8570,92.906,198,1.795568,3.279384,2.107529,2.1076,2.108164,2.108226,0.04886,3.463619,-0.135901,1
C4_Mo,42,6,5,6,2.16,0.7473,12.8,7.0924,1.46,2896,4912,10280,95.95,199,1.736009,3.181475,2.066755,2.066804,2.068372,2.068626,0.053026,3.0993,-0.070475,0
C4_Tc,43,7,5,7,1.9,0.55,11.4,7.28,1.38,2430,4538,11500,98,198,1.705794,3.113737,2.035648,2.03601,2.037177,2.037239,0.053711,3.036802,0.193078,1
C4_Ru,44,8,5,8,2.2,1.0464,9.6,7.3605,1.36,2607,4423,12370,101.07,199,1.65126,2.455578,1.981113,1.981235,2.091706,2.091821,0.06291,2.256347,0.26497,2
C4_Rh,45,9,5,9,2.28,1.1429,8.6,7.4589,1.34,2237,3968,12450,102.91,200,1.593606,2.295012,1.99623,1.99646,2.094807,2.094922,0.073977,1.505978,0.068948,0
C4_Pd,46,10,5,10,2.2,0.5621,4.8,8.3369,1.3,1828.05,3236,12023,106.42,195,2.231994,1.096812,1.961581,1.977644,2.040654,2.222759,0.05384,4.342708,-0.650142,2
C4_Ag,47,11,5,11,1.93,1.3045,6.78,7.5762,1.36,1234.93,2435,10490,107.87,196,2.190387,1.101598,1.990478,1.999494,2.029299,2.169471,0.04012,4.661026,-0.647666,2
C4_Cd,48,12,5,12,1.69,-0.725,7.36,8.9938,1.4,594.22,1040,8650,112.41,197,1.697334,3.607151,2.358593,2.358616,2.358681,2.359233,0.095066,1.02799,1.486287,2
C4_Hf,72,4,6,4,1.3,0.017,16.2,6.8251,1.64,2506,4876,13310,178.49,195,1.893641,3.499942,2.194221,2.194441,2.194475,2.194541,0.045097,3.761136,0.412917,2
C4_Ta,73,5,6,5,1.5,0.323,13.1,7.5496,1.58,3290,5731,16650,180.95,196,1.795607,3.270581,2.105336,2.105476,2.106368,2.106424,0.048582,3.48677,-0.564705,2
C4_W ,74,6,6,6,2.36,0.8163,11.1,7.864,1.5,3695,5828,19250,183.84,199,1.747925,3.158844,2.049124,2.049243,2.052423,2.052595,0.048704,3.476573,-0.559518,2
C4_Re,75,7,6,7,1.9,0.0604,9.7,7.8335,1.41,3459,5869,21020,186.21,198,1.714933,3.12807,2.038044,2.038048,2.04118,2.041283,0.052619,3.136169,-0.352784,2
C4_Os,76,8,6,8,2.2,1.1,8.5,8.4382,1.36,3306,5285,22610,190.23,193,1.680564,2.654971,1.995077,1.995682,2.071924,2.072182,0.057567,2.69199,-0.090075,0
C4_Ir,77,9,6,9,2.2,1.5644,7.6,8.967,1.32,2739,4701,22650,192.22,194,1.630456,2.388643,2.01043,2.01048,2.067083,2.067106,0.066763,1.906533,-0.285042,2
C4_Pt,78,10,6,10,2.28,2.1251,6.5,8.9588,1.3,2041.4,4098,21090,195.08,195,1.803208,1.176481,1.960767,1.972883,2.006245,2.108932,0.035899,4.318718,-0.197158,1
C4_Au,79,11,6,11,2.54,2.3086,5.8,9.2255,1.3,1337.33,3129,19300,196.97,196,2.35125,1.1035,1.985908,1.990351,2.014696,2.129422,0.055774,4.319035,-0.377038,2
C2N2-t_Sc,21,3,4,3,1.36,0.188,17.8,6.5615,1.59,1814,3103,2985,44.956,198,1.886991,3.454328,2.160292,2.16454,2.219183,2.223633,0.04579,3.693409,0.900942,2
C2N2-t_Ti,22,4,4,4,1.54,0.084,14.6,6.8281,1.48,1941,3560,4507,47.867,199,1.745246,3.131126,2.038954,2.040154,2.074454,2.074747,0.050025,3.361613,0.009751,0
C2N2-t_V ,23,5,4,5,1.63,0.5277,12.4,6.7462,1.44,2183,3680,6110,50.942,200,1.680965,2.996335,1.972575,1.988683,2.017341,2.049676,0.053739,3.033947,0.02584,0
C2N2-t_Cr,24,6,4,6,1.66,0.6758,11.6,6.7665,1.3,2180,2944,7140,51.996,199,1.619702,2.848899,1.961596,1.96206,2.004624,2.005847,0.060931,2.378758,0.286587,2
C2N2-t_Mn,25,7,4,7,1.55,-0.52,9.4,7.434,1.29,1519,2334,7470,54.938,200,1.569291,2.726026,1.937051,1.937657,1.967019,1.967297,0.065336,2.001962,0.506772,2
C2N2-t_Fe,26,8,4,8,1.83,0.1532,8.4,7.9024,1.24,1811,3134,7874,55.845,195,1.480737,2.373204,1.889212,1.895969,1.900122,1.939139,0.074748,1.42273,0.426936,2
C2N2-t_Co,27,9,4,9,1.88,0.6623,7.5,7.881,1.18,1768,3200,8900,58.933,196,1.434446,2.356133,1.870436,1.871042,1.904164,1.905027,0.080706,1.214922,0.16781,1
C2N2-t_Ni,28,10,4,10,1.91,1.1572,6.8,7.6398,1.17,1728,3186,8908,58.693,197,1.703581,1.139104,1.838418,1.866295,1.945839,2.016352,0.045675,4.139424,-0.09244,0
C2N2-t_Cu,29,11,4,11,1.9,1.2358,6.2,7.7264,1.22,1357.77,3200,8920,63.546,198,1.535513,2.494327,1.888699,1.889161,1.976581,1.976718,0.068595,1.810677,1.396907,2
C2N2-t_Zn,30,12,4,12,1.65,-0.62,5.75,9.3942,1.2,692.68,1180,7140,65.38,199,1.586897,2.839492,1.981013,1.98228,2.097197,2.098123,0.074333,1.511411,1.522116,2
C2N2-t_Y ,39,3,5,3,1.22,0.307,22.7,6.2173,1.76,1799,3618,4472,88.906,198,2.061837,3.80247,2.289249,2.292703,2.360134,2.362966,0.037221,4.231096,1.02301,2
C2N2-t_Zr,40,4,5,4,1.33,0.4333,17.9,6.6339,1.64,2128,4682,6511,91.224,199,1.906455,3.465371,2.148798,2.150411,2.185027,2.186194,0.039505,4.125948,0.046661,0
C2N2-t_Nb,41,5,5,5,1.6,0.9174,15.7,6.7589,1.56,2750,5017,8570,92.906,200,1.815524,3.212259,2.059849,2.072938,2.085228,2.091965,0.041396,4.013841,-0.57317,2
C2N2-t_Mo,42,6,5,6,2.16,0.7473,12.8,7.0924,1.46,2896,4912,10280,95.95,201,1.751347,2.716802,2.028877,2.057735,2.06247,2.09066,0.049418,3.410798,-0.410397,2
C2N2-t_Tc,43,7,5,7,1.9,0.55,11.4,7.28,1.38,2430,4538,11500,98,200,1.692662,2.997744,1.99764,1.998647,2.052297,2.053306,0.054367,2.9769,-0.114068,1
C2N2-t_Ru,44,8,5,8,2.2,1.0464,9.6,7.3605,1.36,2607,4423,12370,101.07,201,1.619888,2.385611,1.971864,1.981064,2.03123,2.052749,0.064508,2.089151,0.085208,0
C2N2-t_Rh,45,9,5,9,2.28,1.1429,8.6,7.4589,1.34,2237,3968,12450,102.91,202,1.599238,1.81981,1.924947,1.998034,2.015541,2.027951,0.065631,2.009514,-0.040053,0
C2N2-t_Pd,46,10,5,10,2.2,0.5621,4.8,8.3369,1.3,1828.05,3236,12023,106.42,197,2.019097,1.108599,1.929532,1.950754,2.031038,2.159413,0.030852,4.692802,-0.256461,2
C2N2-t_Ag,47,11,5,11,1.93,1.3045,6.78,7.5762,1.36,1234.93,2435,10490,107.87,198,1.673794,2.796129,1.989643,1.990341,2.085268,2.085698,0.05927,2.550201,1.652822,2
C2N2-t_Cd,48,12,5,12,1.69,-0.725,7.36,8.9938,1.4,594.22,1040,8650,112.41,199,1.687073,3.203938,2.16802,2.551525,2.595257,2.703034,0.141286,1.087277,0.959988,2
C2N2-t_Hf,72,4,6,4,1.3,0.017,16.2,6.8251,1.64,2506,4876,13310,178.49,197,1.883183,3.404815,2.133592,2.134889,2.160215,2.160768,0.040362,4.078508,-0.311572,2
C2N2-t_Ta,73,5,6,5,1.5,0.323,13.1,7.5496,1.58,3290,5731,16650,180.95,198,1.806595,3.206544,2.062261,2.065842,2.076703,2.07891,0.041915,3.982919,-0.963245,2
C2N2-t_W ,74,6,6,6,2.36,0.8163,11.1,7.864,1.5,3695,5828,19250,183.84,201,1.75994,3.133141,2.046861,2.048102,2.051694,2.053901,0.046616,3.645075,-0.85952,2
C2N2-t_Re,75,7,6,7,1.9,0.0604,9.7,7.8335,1.41,3459,5869,21020,186.21,200,1.697138,2.990663,2.003265,2.004781,2.047701,2.04906,0.053714,3.035897,-0.575255,2
C2N2-t_Os,76,8,6,8,2.2,1.1,8.5,8.4382,1.36,3306,5285,22610,190.23,195,1.650588,2.403289,1.990218,1.990618,2.034309,2.058201,0.06051,2.422359,-0.4277,2
C2N2-t_Ir,77,9,6,9,2.2,1.5644,7.6,8.967,1.32,2739,4701,22650,192.22,196,1.615151,2.159258,1.933279,2.005954,2.025472,2.026138,0.06372,2.156418,-0.267914,2
C2N2-t_Pt,78,10,6,10,2.28,2.1251,6.5,8.9588,1.3,2041.4,4098,21090,195.08,197,1.827564,1.159804,1.932692,1.964668,2.003335,2.100149,0.035025,4.506384,0.025868,0
C2N2-t_Au,79,11,6,11,2.54,2.3086,5.8,9.2255,1.3,1337.33,3129,19300,196.97,198,1.658688,2.766519,1.983111,1.983967,2.036727,2.038168,0.058026,2.643996,1.592526,2
N4_Sc,21,3,4,3,1.36,0.188,17.8,6.5615,1.59,1814,3103,2985,44.956,200,1.859704,3.374653,2.138601,2.138644,2.138822,2.138857,0.042867,3.920365,-0.170878,1
N4_Ti,22,4,4,4,1.54,0.084,14.6,6.8281,1.48,1941,3560,4507,47.867,201,1.739955,3.053816,1.997171,1.997847,2.070244,2.070312,0.047623,3.543281,-0.422243,2
N4_V ,23,5,4,5,1.63,0.5277,12.4,6.7462,1.44,2183,3680,6110,50.942,202,1.670317,2.898602,1.983102,1.983144,1.983386,1.983413,0.052139,3.179292,-0.04037,0
N4_Cr,24,6,4,6,1.66,0.6758,11.6,6.7665,1.3,2180,2944,7140,51.996,201,1.598315,2.69487,1.952565,1.95258,1.952633,1.952713,0.060251,2.43196,0.385456,2
N4_Mn,25,7,4,7,1.55,-0.52,9.4,7.434,1.29,1519,2334,7470,54.938,202,1.525919,2.528404,1.910163,1.9102,1.910356,1.910387,0.067085,1.862926,0.496341,2
N4_Fe,26,8,4,8,1.83,0.1532,8.4,7.9024,1.24,1811,3134,7874,55.845,197,1.489982,2.474423,1.88851,1.888524,1.888828,1.888847,0.070529,1.632606,0.391249,2
N4_Co,27,9,4,9,1.88,0.6623,7.5,7.881,1.18,1768,3200,8900,58.933,198,1.441479,2.427462,1.884777,1.884822,1.885023,1.885052,0.078999,1.256256,0.266648,2
N4_Ni,28,10,4,10,1.91,1.1572,6.8,7.6398,1.17,1728,3186,8908,58.693,199,1.482843,2.539556,1.913135,1.913141,1.913626,1.913648,0.075399,1.384825,1.720403,2
N4_Cu,29,11,4,11,1.9,1.2358,6.2,7.7264,1.22,1357.77,3200,8920,63.546,200,1.543107,2.836918,2.003484,2.003502,2.00351,2.003553,0.077078,1.319579,1.833608,2
N4_Zn,30,12,4,12,1.65,-0.62,5.75,9.3942,1.2,692.68,1180,7140,65.38,201,1.559557,3.113991,2.127824,2.127995,2.128001,2.128023,0.0903,1.058327,0.96312,2
N4_Y ,39,3,5,3,1.22,0.307,22.7,6.2173,1.76,1799,3618,4472,88.906,200,2.037627,3.734771,2.27157,2.272377,2.274438,2.275447,0.033897,4.425948,-0.009992,0
N4_Zr,40,4,5,4,1.33,0.4333,17.9,6.6339,1.64,2128,4682,6511,91.224,201,1.894608,3.399058,2.131413,2.131742,2.131971,2.132173,0.036418,4.305213,-0.791902,2
N4_Nb,41,5,5,5,1.6,0.9174,15.7,6.7589,1.56,2750,5017,8570,92.906,202,1.801158,3.145375,2.000447,2.001152,2.126497,2.126912,0.045931,3.889948,-0.77757,2
N4_Mo,42,6,5,6,2.16,0.7473,12.8,7.0924,1.46,2896,4912,10280,95.95,203,1.715977,2.962334,2.009833,2.009856,2.010054,2.010074,0.048214,3.517142,-0.328023,2
N4_Tc,43,7,5,7,1.9,0.55,11.4,7.28,1.38,2430,4538,11500,98,202,1.624406,2.695943,1.976643,1.976682,1.976778,1.976806,0.059143,2.533285,-0.348321,2
N4_Ru,44,8,5,8,2.2,1.0464,9.6,7.3605,1.36,2607,4423,12370,101.07,203,1.579724,2.593777,1.953618,1.953627,1.95377,1.953799,0.063693,2.130227,-0.451034,2
N4_Rh,45,9,5,9,2.28,1.1429,8.6,7.4589,1.34,2237,3968,12450,102.91,204,1.52905,2.534072,1.954077,1.954077,1.955054,1.955056,0.072836,1.50389,-0.15525,1
N4_Pd,46,10,5,10,2.2,0.5621,4.8,8.3369,1.3,1828.05,3236,12023,106.42,199,1.648402,2.675399,1.962148,1.962183,1.962966,1.962978,0.05292,3.108952,1.956683,2
N4_Ag,47,11,5,11,1.93,1.3045,6.78,7.5762,1.36,1234.93,2435,10490,107.87,200,1.61718,3.589731,2.396839,2.39791,2.400342,2.401322,0.111568,1.000998,0.925513,2
N4_Cd,48,12,5,12,1.69,-0.725,7.36,8.9938,1.4,594.22,1040,8650,112.41,201,1.693532,3.600303,2.361998,2.36232,2.364429,2.364576,0.096142,1.02345,0.128459,1
N4_Hf,72,4,6,4,1.3,0.017,16.2,6.8251,1.64,2506,4876,13310,178.49,199,1.865921,3.330152,2.107128,2.107264,2.108583,2.10872,0.037601,4.242913,-1.017191,2
N4_Ta,73,5,6,5,1.5,0.323,13.1,7.5496,1.58,3290,5731,16650,180.95,200,1.790565,3.093971,1.992899,1.993836,2.107068,2.10716,0.04356,3.918861,-0.969752,2
N4_W ,74,6,6,6,2.36,0.8163,11.1,7.864,1.5,3695,5828,19250,183.84,203,1.72305,2.986273,2.008862,2.008923,2.009636,2.00968,0.046921,3.621217,-0.823227,2
N4_Re,75,7,6,7,1.9,0.0604,9.7,7.8335,1.41,3459,5869,21020,186.21,202,1.642577,2.766893,1.984793,1.984805,1.98596,1.985974,0.057229,2.710741,-0.691264,2
N4_Os,76,8,6,8,2.2,1.1,8.5,8.4382,1.36,3306,5285,22610,190.23,197,1.608486,2.705759,1.967873,1.967876,1.967951,1.967955,0.060662,2.394788,-0.59014,2
N4_Ir,77,9,6,9,2.2,1.5644,7.6,8.967,1.32,2739,4701,22650,192.22,198,1.558071,2.583965,1.963602,1.963634,1.963649,1.963695,0.068941,1.733234,-0.261786,2
N4_Pt,78,10,6,10,2.28,2.1251,6.5,8.9588,1.3,2041.4,4098,21090,195.08,199,1.589445,2.636296,1.965889,1.965892,1.966934,1.967038,0.063794,2.121752,1.622867,2
N4_Au,79,11,6,11,2.54,2.3086,5.8,9.2255,1.3,1337.33,3129,19300,196.97,200,1.880423,2.887193,1.986162,1.9862,1.986865,1.986884,0.017276,4.892304,2.264791,2
B4_Sc,21,3,4,3,1.36,0.188,17.8,6.5615,1.59,1814,3103,2985,44.956,192,1.84367,3.896744,2.417896,2.418007,2.420015,2.420054,0.079908,1.230136,0.307615,2
B4_Ti,22,4,4,4,1.54,0.084,14.6,6.8281,1.48,1941,3560,4507,47.867,193,1.739241,3.371879,2.152048,2.154464,2.422772,2.430168,0.090554,1.474295,0.064443,0
B4_V ,23,5,4,5,1.63,0.5277,12.4,6.7462,1.44,2183,3680,6110,50.942,194,1.694053,3.456867,2.196914,2.197016,2.200811,2.20107,0.077011,1.322067,0.331256,2
B4_Cr,24,6,4,6,1.66,0.6758,11.6,6.7665,1.3,2180,2944,7140,51.996,193,1.798278,1.316595,2.082554,2.129806,2.17305,2.28115,0.05831,2.832913,-0.244253,2
B4_Mn,25,7,4,7,1.55,-0.52,9.4,7.434,1.29,1519,2334,7470,54.938,194,1.623011,3.349234,2.17939,2.179429,2.180643,2.180667,0.086167,1.104099,0.514086,2
B4_Fe,26,8,4,8,1.83,0.1532,8.4,7.9024,1.24,1811,3134,7874,55.845,189,1.661797,1.34462,1.944499,2.014341,2.038625,2.126066,0.062918,2.484701,-0.258607,2
B4_Co,27,9,4,9,1.88,0.6623,7.5,7.881,1.18,1768,3200,8900,58.933,190,1.513325,1.744273,1.907909,1.908034,2.072025,2.072351,0.080519,1.342349,-0.017228,0
B4_Ni,28,10,4,10,1.91,1.1572,6.8,7.6398,1.17,1728,3186,8908,58.693,191,1.603832,1.331454,1.965563,2.002944,2.009362,2.068532,0.067608,1.860181,-0.115749,1
B4_Cu,29,11,4,11,1.9,1.2358,6.2,7.7264,1.22,1357.77,3200,8920,63.546,192,1.533453,3.072247,2.039664,2.039698,2.039914,2.040034,0.083588,1.145999,1.008091,2
B4_Zn,30,12,4,12,1.65,-0.62,5.75,9.3942,1.2,692.68,1180,7140,65.38,193,1.537091,3.365431,2.23037,2.230464,2.230935,2.230973,0.106097,1.003555,0.010246,0
B4_Y ,39,3,5,3,1.22,0.307,22.7,6.2173,1.76,1799,3618,4472,88.906,192,2.013364,4.226277,2.553171,2.554905,2.559632,2.561184,0.07108,1.600183,0.426831,2
B4_Zr,40,4,5,4,1.33,0.4333,17.9,6.6339,1.64,2128,4682,6511,91.224,193,1.875315,3.419819,2.325811,2.329003,2.397824,2.412871,0.069281,1.740418,-0.041822,0
B4_Nb,41,5,5,5,1.6,0.9174,15.7,6.7589,1.56,2750,5017,8570,92.906,194,1.79596,3.279103,2.128118,2.133127,2.37612,2.380764,0.079757,2.09298,0.012919,0
B4_Mo,42,6,5,6,2.16,0.7473,12.8,7.0924,1.46,2896,4912,10280,95.95,195,1.729697,2.739534,2.073426,2.078857,2.304319,2.30609,0.07881,1.918335,0.275784,2
B4_Tc,43,7,5,7,1.9,0.55,11.4,7.28,1.38,2430,4538,11500,98,194,1.705707,3.34199,2.108404,2.108745,2.114909,2.115127,0.063996,2.10518,0.362773,2
B4_Ru,44,8,5,8,2.2,1.0464,9.6,7.3605,1.36,2607,4423,12370,101.07,195,1.667209,2.502352,2.011977,2.012156,2.204966,2.205036,0.073152,1.882678,0.354381,2
B4_Rh,45,9,5,9,2.28,1.1429,8.6,7.4589,1.34,2237,3968,12450,102.91,196,1.618887,2.317053,1.974172,1.974183,2.244729,2.244795,0.092836,1.63627,0.159993,1
B4_Pd,46,10,5,10,2.2,0.5621,4.8,8.3369,1.3,1828.05,3236,12023,106.42,191,1.604498,2.145441,2.035577,2.035597,2.237156,2.23725,0.083845,1.279076,0.118344,1
B4_Ag,47,11,5,11,1.93,1.3045,6.78,7.5762,1.36,1234.93,2435,10490,107.87,192,1.640509,3.047511,2.338963,2.339213,2.374172,2.374214,0.103533,1.006445,0.934206,2
B4_Cd,48,12,5,12,1.69,-0.725,7.36,8.9938,1.4,594.22,1040,8650,112.41,193,1.68523,3.817452,2.467645,2.467901,2.483304,2.483821,0.10914,1.001823,-0.163318,1
B4_Hf,72,4,6,4,1.3,0.017,16.2,6.8251,1.64,2506,4876,13310,178.49,191,1.860391,3.467379,2.281486,2.289401,2.38634,2.40651,0.068501,1.822856,-0.425824,2
B4_Ta,73,5,6,5,1.5,0.323,13.1,7.5496,1.58,3290,5731,16650,180.95,192,1.797242,3.297593,2.119915,2.123677,2.37239,2.374911,0.080097,2.167772,-0.454327,2
B4_W ,74,6,6,6,2.36,0.8163,11.1,7.864,1.5,3695,5828,19250,183.84,195,1.746831,2.925142,2.089416,2.092972,2.264362,2.266966,0.06653,2.093812,-0.153994,1
B4_Re,75,7,6,7,1.9,0.0604,9.7,7.8335,1.41,3459,5869,21020,186.21,194,1.721151,3.353572,2.105312,2.105392,2.106389,2.106396,0.060678,2.393384,-0.035113,0
B4_Os,76,8,6,8,2.2,1.1,8.5,8.4382,1.36,3306,5285,22610,190.23,189,1.700706,3.339354,2.102673,2.102703,2.10491,2.104942,0.063757,2.124898,0.022164,0
B4_Ir,77,9,6,9,2.2,1.5644,7.6,8.967,1.32,2739,4701,22650,192.22,190,1.645663,2.554112,1.99054,1.990609,2.229028,2.229163,0.084123,1.772558,-0.110988,1
B4_Pt,78,10,6,10,2.28,2.1251,6.5,8.9588,1.3,2041.4,4098,21090,195.08,191,1.617022,2.410445,2.034473,2.034513,2.232171,2.232218,0.081387,1.347407,-0.109386,1
B4_Au,79,11,6,11,2.54,2.3086,5.8,9.2255,1.3,1337.33,3129,19300,196.97,192,1.630403,2.551285,2.169511,2.16952,2.220161,2.220194,0.086756,1.102319,0.552521,2
B2C2-t_Sc,21,3,4,3,1.36,0.188,17.8,6.5615,1.59,1814,3103,2985,44.956,194,1.830888,3.806682,2.374631,2.386096,2.404468,2.413217,0.079053,1.257841,-0.102869,1
B2C2-t_Ti,22,4,4,4,1.54,0.084,14.6,6.8281,1.48,1941,3560,4507,47.867,195,1.745383,3.431454,2.181902,2.204258,2.241229,2.251661,0.07144,1.596313,-0.089669,0
B2C2-t_V ,23,5,4,5,1.63,0.5277,12.4,6.7462,1.44,2183,3680,6110,50.942,196,1.659098,3.050625,2.04746,2.047847,2.061555,2.062026,0.064082,2.098933,0.32143,2
B2C2-t_Cr,24,6,4,6,1.66,0.6758,11.6,6.7665,1.3,2180,2944,7140,51.996,195,1.594058,2.943013,2.00157,2.002935,2.013907,2.015456,0.068868,1.739152,0.419531,2
B2C2-t_Mn,25,7,4,7,1.55,-0.52,9.4,7.434,1.29,1519,2334,7470,54.938,196,2.216023,1.216332,1.966129,2.027335,2.037082,2.215845,0.047198,4.470712,-0.438183,2
B2C2-t_Fe,26,8,4,8,1.83,0.1532,8.4,7.9024,1.24,1811,3134,7874,55.845,191,1.504878,2.664561,1.946478,1.953219,1.953236,1.955908,0.076847,1.32828,0.637818,2
B2C2-t_Co,27,9,4,9,1.88,0.6623,7.5,7.881,1.18,1768,3200,8900,58.933,192,1.531262,1.374156,1.81579,1.831982,2.001386,2.047687,0.077552,2.055829,-0.0632,0
B2C2-t_Ni,28,10,4,10,1.91,1.1572,6.8,7.6398,1.17,1728,3186,8908,58.693,193,1.734177,1.266205,1.912798,1.936065,1.952648,2.016355,0.036899,4.230982,0.133526,1
B2C2-t_Cu,29,11,4,11,1.9,1.2358,6.2,7.7264,1.22,1357.77,3200,8920,63.546,194,2.308074,1.210798,1.907913,1.946675,1.980494,2.139379,0.06505,4.083663,-0.481057,2
B2C2-t_Zn,30,12,4,12,1.65,-0.62,5.75,9.3942,1.2,692.68,1180,7140,65.38,195,1.533268,3.381669,2.260693,2.26141,2.275625,2.278381,0.11096,1.001184,-0.232264,2
B2C2-t_Y ,39,3,5,3,1.22,0.307,22.7,6.2173,1.76,1799,3618,4472,88.906,194,1.998726,4.146468,2.518692,2.52526,2.553114,2.553509,0.070973,1.610417,-0.134752,1
B2C2-t_Zr,40,4,5,4,1.33,0.4333,17.9,6.6339,1.64,2128,4682,6511,91.224,195,1.893233,3.523515,2.176661,2.353247,2.393179,2.433754,0.076468,2.254802,0.052024,0
B2C2-t_Nb,41,5,5,5,1.6,0.9174,15.7,6.7589,1.56,2750,5017,8570,92.906,196,1.802445,3.432217,2.169623,2.174876,2.187127,2.187583,0.057384,2.696788,0.172602,1
B2C2-t_Mo,42,6,5,6,2.16,0.7473,12.8,7.0924,1.46,2896,4912,10280,95.95,197,1.715247,3.195901,2.077731,2.078105,2.098138,2.100471,0.059325,2.518035,0.117684,1
B2C2-t_Tc,43,7,5,7,1.9,0.55,11.4,7.28,1.38,2430,4538,11500,98,196,1.671976,3.121375,2.063007,2.065547,2.068528,2.068906,0.063517,2.145111,0.386264,2
B2C2-t_Ru,44,8,5,8,2.2,1.0464,9.6,7.3605,1.36,2607,4423,12370,101.07,197,1.645198,2.276941,1.982238,2.013178,2.130143,2.146379,0.068451,1.903426,0.300318,2
B2C2-t_Rh,45,9,5,9,2.28,1.1429,8.6,7.4589,1.34,2237,3968,12450,102.91,198,1.597765,2.090348,1.978304,2.003974,2.139801,2.168812,0.076849,1.471058,0.183,1
B2C2-t_Pd,46,10,5,10,2.2,0.5621,4.8,8.3369,1.3,1828.05,3236,12023,106.42,193,1.852742,1.149461,2.012147,2.059466,2.066466,2.239636,0.044435,4.071869,0.083377,0
B2C2-t_Ag,47,11,5,11,1.93,1.3045,6.78,7.5762,1.36,1234.93,2435,10490,107.87,194,1.641522,3.385458,2.197397,2.22609,2.489051,2.776622,0.129454,1.045237,0.837957,2
B2C2-t_Cd,48,12,5,12,1.69,-0.725,7.36,8.9938,1.4,594.22,1040,8650,112.41,195,1.684024,3.867513,2.495335,2.502966,2.521949,2.539685,0.11321,1.000712,0.230038,2
B2C2-t_Hf,72,4,6,4,1.3,0.017,16.2,6.8251,1.64,2506,4876,13310,178.49,193,1.875006,3.436344,2.173416,2.346533,2.358999,2.37514,0.072461,2.255877,-0.123182,1
B2C2-t_Ta,73,5,6,5,1.5,0.323,13.1,7.5496,1.58,3290,5731,16650,180.95,194,1.798424,3.267116,2.147952,2.152481,2.16924,2.234725,0.057535,2.694229,-0.263557,2
B2C2-t_W ,74,6,6,6,2.36,0.8163,11.1,7.864,1.5,3695,5828,19250,183.84,197,1.727356,3.195288,2.079735,2.082078,2.08997,2.091871,0.056965,2.735551,-0.329348,2
B2C2-t_Re,75,7,6,7,1.9,0.0604,9.7,7.8335,1.41,3459,5869,21020,186.21,196,1.693671,3.117772,2.057771,2.059088,2.05969,2.061603,0.05894,2.552003,-0.014906,0
B2C2-t_Os,76,8,6,8,2.2,1.1,8.5,8.4382,1.36,3306,5285,22610,190.23,191,1.671643,2.416466,1.997924,2.019213,2.115214,2.125634,0.063302,2.225293,0.039712,0
B2C2-t_Ir,77,9,6,9,2.2,1.5644,7.6,8.967,1.32,2739,4701,22650,192.22,192,1.629001,2.201345,2.003647,2.009898,2.122648,2.145853,0.071276,1.689209,-0.014281,0
B2C2-t_Pt,78,10,6,10,2.28,2.1251,6.5,8.9588,1.3,2041.4,4098,21090,195.08,193,1.607091,2.153938,2.055196,2.069138,2.097252,2.12292,0.077019,1.335592,0.499757,2
B2C2-t_Au,79,11,6,11,2.54,2.3086,5.8,9.2255,1.3,1337.33,3129,19300,196.97,194,1.971329,1.252182,2.017098,2.020273,2.044066,2.179089,0.025942,4.7832,-0.424988,2
C3_Sc,21,3,4,3,1.36,0.188,17.8,6.5615,1.59,1814,3103,2985,44.956,200,1.906501,3.317702,2.140928,2.144047,2.200844,2.831923,0.104608,3.280517,1.047357,2
C3_Ti,22,4,4,4,1.54,0.084,14.6,6.8281,1.48,1941,3560,4507,47.867,201,1.793594,3.403333,1.97591,1.97978,1.979963,2.887008,0.143884,3.614083,0.729739,2
C3_V ,23,5,4,5,1.63,0.5277,12.4,6.7462,1.44,2183,3680,6110,50.942,202,1.710124,3.183536,1.875099,1.875964,1.876244,2.793764,0.151517,3.666211,0.141183,1
C3_Cr,24,6,4,6,1.66,0.6758,11.6,6.7665,1.3,2180,2944,7140,51.996,201,1.66105,3.116931,1.857418,1.857419,1.86115,2.796949,0.157495,3.462003,0.347516,2
C3_Mn,25,7,4,7,1.55,-0.52,9.4,7.434,1.29,1519,2334,7470,54.938,202,1.62059,3.025451,1.819377,1.819491,1.821864,2.756684,0.160415,3.416494,-0.050484,0
C3_Fe,26,8,4,8,1.83,0.1532,8.4,7.9024,1.24,1811,3134,7874,55.845,197,1.569002,2.902155,1.76882,1.768829,1.774227,2.729915,0.168094,3.356245,0.085153,0
C3_Co,27,9,4,9,1.88,0.6623,7.5,7.881,1.18,1768,3200,8900,58.933,198,1.556733,2.885765,1.763466,1.763552,1.768023,2.713857,0.167418,3.293191,0.07119,0
C3_Ni,28,10,4,10,1.91,1.1572,6.8,7.6398,1.17,1728,3186,8908,58.693,199,1.548591,2.351564,1.808009,1.825808,1.825965,2.713878,0.158282,2.703754,0.55741,2
C3_Cu,29,11,4,11,1.9,1.2358,6.2,7.7264,1.22,1357.77,3200,8920,63.546,200,1.522557,2.677596,1.882309,1.930084,1.931629,2.806345,0.157206,1.540268,0.444195,2
C3_Zn,30,12,4,12,1.65,-0.62,5.75,9.3942,1.2,692.68,1180,7140,65.38,201,1.549875,3.31634,2.039939,2.122177,2.123341,2.964871,0.14904,1.072249,0.167762,1
C3_Y ,39,3,5,3,1.22,0.307,22.7,6.2173,1.76,1799,3618,4472,88.906,200,2.052365,3.47578,2.279598,2.282421,2.364822,2.954529,0.095156,3.378856,0.982212,2
C3_Zr,40,4,5,4,1.33,0.4333,17.9,6.6339,1.64,2128,4682,6511,91.224,201,1.968734,3.743531,2.117871,2.117942,2.118303,3.018826,0.132342,3.809472,0.872743,2
C3_Nb,41,5,5,5,1.6,0.9174,15.7,6.7589,1.56,2750,5017,8570,92.906,202,1.863381,3.478861,1.992358,1.998269,1.998365,2.903003,0.139824,3.833674,0.077853,0
C3_Mo,42,6,5,6,2.16,0.7473,12.8,7.0924,1.46,2896,4912,10280,95.95,203,1.795061,3.37133,1.963454,1.963506,1.967385,2.903991,0.148264,3.684226,0.316302,2
C3_Tc,43,7,5,7,1.9,0.55,11.4,7.28,1.38,2430,4538,11500,98,202,1.797664,3.272308,1.933849,1.934015,1.934588,2.868582,0.14803,3.808812,-0.015492,0
C3_Ru,44,8,5,8,2.2,1.0464,9.6,7.3605,1.36,2607,4423,12370,101.07,203,1.688008,3.151947,1.879078,1.879178,1.884221,2.841196,0.158648,3.510503,0.22497,2
C3_Rh,45,9,5,9,2.28,1.1429,8.6,7.4589,1.34,2237,3968,12450,102.91,204,1.681367,3.15583,1.88435,1.884621,1.889714,2.823927,0.155674,3.431201,0.076912,0
C3_Pd,46,10,5,10,2.2,0.5621,4.8,8.3369,1.3,1828.05,3236,12023,106.42,199,1.672486,2.804722,1.948041,1.948656,2.000916,2.85129,0.1472,2.698709,0.536714,2
C3_Ag,47,11,5,11,1.93,1.3045,6.78,7.5762,1.36,1234.93,2435,10490,107.87,200,1.653565,3.211674,2.107394,2.246769,2.267475,3.014311,0.135698,1.14126,0.203909,2
C3_Cd,48,12,5,12,1.69,-0.725,7.36,8.9938,1.4,594.22,1040,8650,112.41,201,1.684073,3.795522,2.350465,2.350479,2.359756,3.152586,0.129964,1.016433,-0.021108,0
C3_Hf,72,4,6,4,1.3,0.017,16.2,6.8251,1.64,2506,4876,13310,178.49,199,1.862476,3.468304,2.00225,2.002583,2.002967,2.933056,0.142991,3.812739,0.679356,2
C3_Ta,73,5,6,5,1.5,0.323,13.1,7.5496,1.58,3290,5731,16650,180.95,200,1.79875,3.35903,1.969962,1.974267,2.032396,2.925333,0.146755,3.554256,-0.407069,2
C3_W ,74,6,6,6,2.36,0.8163,11.1,7.864,1.5,3695,5828,19250,183.84,203,1.799883,3.339952,1.946333,1.949093,1.949488,2.873069,0.146322,3.769274,-0.25691,2
C3_Re,75,7,6,7,1.9,0.0604,9.7,7.8335,1.41,3459,5869,21020,186.21,202,1.748089,3.255166,1.916432,1.919434,1.919747,2.87551,0.15409,3.661002,-0.568577,2
C3_Os,76,8,6,8,2.2,1.1,8.5,8.4382,1.36,3306,5285,22610,190.23,197,1.705998,3.18854,1.897842,1.89786,1.901447,2.867047,0.158324,3.521158,-0.395706,2
C3_Ir,77,9,6,9,2.2,1.5644,7.6,8.967,1.32,2739,4701,22650,192.22,198,1.684011,3.183163,1.906512,1.906572,1.909685,2.855269,0.156472,3.305775,-0.578735,2
C3_Pt,78,10,6,10,2.28,2.1251,6.5,8.9588,1.3,2041.4,4098,21090,195.08,199,1.686774,2.917426,1.952756,1.97598,1.977938,2.86649,0.148089,2.826696,0.058999,0
C3_Au,79,11,6,11,2.54,2.3086,5.8,9.2255,1.3,1337.33,3129,19300,196.97,200,1.641619,3.018452,2.068609,2.140194,2.14207,2.938921,0.137702,1.291913,-0.496832,2
N3_Sc,21,3,4,3,1.36,0.188,17.8,6.5615,1.59,1814,3103,2985,44.956,203,1.878494,3.565445,2.051218,2.05504,2.055384,2.902278,0.130464,3.693415,-0.579006,2
N3_Ti,22,4,4,4,1.54,0.084,14.6,6.8281,1.48,1941,3560,4507,47.867,204,1.780087,3.299958,1.93392,1.934252,1.939435,2.831454,0.14351,3.735552,-0.574393,2
N3_V ,23,5,4,5,1.63,0.5277,12.4,6.7462,1.44,2183,3680,6110,50.942,205,1.709301,3.173839,1.890085,1.891065,1.891687,2.793753,0.149093,3.58629,-0.383628,2
N3_Cr,24,6,4,6,1.66,0.6758,11.6,6.7665,1.3,2180,2944,7140,51.996,204,1.638096,2.960489,1.79803,1.798343,1.808324,2.730216,0.158726,3.641634,-0.337329,2
N3_Mn,25,7,4,7,1.55,-0.52,9.4,7.434,1.29,1519,2334,7470,54.938,205,1.594647,2.893043,1.779265,1.779621,1.779682,2.705197,0.161337,3.493477,0.311031,2
N3_Fe,26,8,4,8,1.83,0.1532,8.4,7.9024,1.24,1811,3134,7874,55.845,200,1.563739,2.64014,1.81699,1.818386,1.853075,2.712002,0.1555,2.784414,0.157781,1
N3_Co,27,9,4,9,1.88,0.6623,7.5,7.881,1.18,1768,3200,8900,58.933,201,1.565006,3.068961,1.8998,1.900368,1.901248,2.786217,0.154325,2.084453,0.102309,1
N3_Ni,28,10,4,10,1.91,1.1572,6.8,7.6398,1.17,1728,3186,8908,58.693,202,1.525025,2.747963,1.929861,1.930149,1.939931,2.799078,0.152956,1.434153,0.076494,0
N3_Cu,29,11,4,11,1.9,1.2358,6.2,7.7264,1.22,1357.77,3200,8920,63.546,203,1.498755,2.867252,1.937647,2.038212,2.038987,2.825472,0.146562,1.111204,0.328294,2
N3_Zn,30,12,4,12,1.65,-0.62,5.75,9.3942,1.2,692.68,1180,7140,65.38,204,1.525485,3.236296,2.036167,2.036371,2.036722,2.885194,0.148519,1.093787,-0.794038,2
N3_Y ,39,3,5,3,1.22,0.307,22.7,6.2173,1.76,1799,3618,4472,88.906,203,2.059999,3.931659,2.199723,2.205126,2.205461,3.024847,0.117282,3.844197,-0.315009,2
N3_Zr,40,4,5,4,1.33,0.4333,17.9,6.6339,1.64,2128,4682,6511,91.224,204,1.93548,3.591754,2.048564,2.051743,2.051965,2.939332,0.133111,3.889179,-0.679238,2
N3_Nb,41,5,5,5,1.6,0.9174,15.7,6.7589,1.56,2750,5017,8570,92.906,205,1.847996,3.434791,1.99622,2.004167,2.004206,2.910175,0.140786,3.76497,-0.730905,2
N3_Mo,42,6,5,6,2.16,0.7473,12.8,7.0924,1.46,2896,4912,10280,95.95,206,1.767584,3.235116,1.91506,1.915306,1.915895,2.853542,0.150484,3.76175,-0.684863,2
N3_Tc,43,7,5,7,1.9,0.55,11.4,7.28,1.38,2430,4538,11500,98,205,1.706583,3.167751,1.896745,1.900042,1.900242,2.821651,0.151898,3.525142,-0.461315,2
N3_Ru,44,8,5,8,2.2,1.0464,9.6,7.3605,1.36,2607,4423,12370,101.07,206,1.662031,2.672896,1.916632,1.916924,2.055359,2.82848,0.145017,2.615523,-0.173525,1
N3_Rh,45,9,5,9,2.28,1.1429,8.6,7.4589,1.34,2237,3968,12450,102.91,207,1.647043,3.37033,2.056169,2.058888,2.059147,2.898215,0.140739,1.614476,0.363959,2
N3_Pd,46,10,5,10,2.2,0.5621,4.8,8.3369,1.3,1828.05,3236,12023,106.42,202,1.564869,2.864449,2.087869,2.151121,2.207423,2.946242,0.140662,1.045047,-0.09994,0
N3_Ag,47,11,5,11,1.93,1.3045,6.78,7.5762,1.36,1234.93,2435,10490,107.87,203,1.616503,3.479827,2.222676,2.425852,2.426461,3.047513,0.145911,1.010637,0.656169,2
N3_Cd,48,12,5,12,1.69,-0.725,7.36,8.9938,1.4,594.22,1040,8650,112.41,204,1.671027,3.716172,2.301291,2.302865,2.305318,3.11505,0.13269,1.029108,-0.484528,2
N3_Hf,72,4,6,4,1.3,0.017,16.2,6.8251,1.64,2506,4876,13310,178.49,202,1.911822,3.514565,2.009561,2.01384,2.014131,2.912492,0.136279,3.915442,-0.878291,2
N3_Ta,73,5,6,5,1.5,0.323,13.1,7.5496,1.58,3290,5731,16650,180.95,203,1.838341,3.349544,1.951982,1.957874,1.95824,2.894004,0.146016,3.869464,-1.037416,2
N3_W ,74,6,6,6,2.36,0.8163,11.1,7.864,1.5,3695,5828,19250,183.84,206,1.772567,3.221048,1.909623,1.909978,1.910174,2.860183,0.152024,3.79975,-1.101733,2
N3_Re,75,7,6,7,1.9,0.0604,9.7,7.8335,1.41,3459,5869,21020,186.21,205,1.72104,3.193943,1.90666,1.914909,1.914916,2.848801,0.152826,3.541315,-1.011868,2
N3_Os,76,8,6,8,2.2,1.1,8.5,8.4382,1.36,3306,5285,22610,190.23,200,1.692467,2.852601,1.933583,1.9338,2.057758,2.838178,0.142891,2.81446,-0.663094,2
N3_Ir,77,9,6,9,2.2,1.5644,7.6,8.967,1.32,2739,4701,22650,192.22,201,1.626876,2.740382,1.977505,1.983368,2.098329,2.835841,0.139035,1.763709,-1.120927,2
N3_Pt,78,10,6,10,2.28,2.1251,6.5,8.9588,1.3,2041.4,4098,21090,195.08,202,1.592159,2.985161,2.136849,2.137152,2.143015,2.953941,0.138887,1.075462,-1.054563,2
N3_Au,79,11,6,11,2.54,2.3086,5.8,9.2255,1.3,1337.33,3129,19300,196.97,203,1.57094,3.759438,2.204437,2.726529,2.748734,3.017996,0.184548,1.004517,-0.666275,2
BN-sv_Sc,21,3,4,3,1.36,0.188,17.8,6.5615,1.59,1814,3103,2985,44.956,209,1.974285,3.005123,2.005097,2.005332,2.023843,2.960757,0.139825,3.988696,2.030693,2
BN-sv_Ti,22,4,4,4,1.54,0.084,14.6,6.8281,1.48,1941,3560,4507,47.867,210,1.758778,3.127839,1.862554,1.862561,1.864162,2.839385,0.157429,3.890048,-0.655794,2
BN-sv_V ,23,5,4,5,1.63,0.5277,12.4,6.7462,1.44,2183,3680,6110,50.942,211,1.68953,2.999631,1.823988,1.835248,1.836223,2.812724,0.162674,3.756879,-0.378513,2
BN-sv_Cr,24,6,4,6,1.66,0.6758,11.6,6.7665,1.3,2180,2944,7140,51.996,210,1.6302,2.948217,1.808773,1.808782,1.809029,2.792579,0.167058,3.555597,-0.004963,0
BN-sv_Mn,25,7,4,7,1.55,-0.52,9.4,7.434,1.29,1519,2334,7470,54.938,211,1.569962,2.843608,1.776735,1.777035,1.777217,2.765607,0.172201,3.316613,0.313342,2
BN-sv_Fe,26,8,4,8,1.83,0.1532,8.4,7.9024,1.24,1811,3134,7874,55.845,206,1.523911,2.78132,1.763612,1.76362,1.763649,2.749752,0.174988,2.976851,0.027248,0
BN-sv_Co,27,9,4,9,1.88,0.6623,7.5,7.881,1.18,1768,3200,8900,58.933,207,1.521315,2.535156,1.762611,1.762734,1.808411,2.737071,0.17069,2.802258,0.750372,2
BN-sv_Ni,28,10,4,10,1.91,1.1572,6.8,7.6398,1.17,1728,3186,8908,58.693,208,1.496628,2.519371,1.801095,1.80244,1.815757,2.74161,0.167766,2.198172,0.90597,2
BN-sv_Cu,29,11,4,11,1.9,1.2358,6.2,7.7264,1.22,1357.77,3200,8920,63.546,209,1.562513,3.000965,1.88187,1.882415,1.882433,2.840704,0.165318,2.23497,1.521587,2
BN-sv_Zn,30,12,4,12,1.65,-0.62,5.75,9.3942,1.2,692.68,1180,7140,65.38,210,1.537502,3.265196,2.055483,2.057825,2.057939,2.995533,0.159689,1.086913,1.299726,2
BN-sv_Y ,39,3,5,3,1.22,0.307,22.7,6.2173,1.76,1799,3618,4472,88.906,209,2.132936,3.153785,2.142652,2.142739,2.166804,3.07137,0.12698,3.996861,2.016829,2
BN-sv_Zr,40,4,5,4,1.33,0.4333,17.9,6.6339,1.64,2128,4682,6511,91.224,210,1.933921,3.472669,2.004815,2.004842,2.006017,2.973526,0.144446,3.961006,-0.835428,2
BN-sv_Nb,41,5,5,5,1.6,0.9174,15.7,6.7589,1.56,2750,5017,8570,92.906,211,1.840189,3.31135,1.95948,1.963545,1.964422,2.932438,0.150172,3.858216,-0.769736,2
BN-sv_Mo,42,6,5,6,2.16,0.7473,12.8,7.0924,1.46,2896,4912,10280,95.95,212,1.761531,3.239644,1.936487,1.93649,1.936822,2.913744,0.155789,3.645777,-0.545722,2
BN-sv_Tc,43,7,5,7,1.9,0.55,11.4,7.28,1.38,2430,4538,11500,98,211,1.690364,3.128002,1.9022,1.905905,1.906109,2.880012,0.160064,3.375767,-0.503597,2
BN-sv_Ru,44,8,5,8,2.2,1.0464,9.6,7.3605,1.36,2607,4423,12370,101.07,212,1.634779,3.063431,1.8924,1.892415,1.892453,2.866567,0.163253,2.972495,-0.441862,2
BN-sv_Rh,45,9,5,9,2.28,1.1429,8.6,7.4589,1.34,2237,3968,12450,102.91,213,1.645285,2.803926,1.894639,1.897383,1.964812,2.853388,0.15646,2.834046,0.739281,2
BN-sv_Pd,46,10,5,10,2.2,0.5621,4.8,8.3369,1.3,1828.05,3236,12023,106.42,208,1.593365,2.518614,1.929796,1.929984,2.01775,2.861017,0.153821,1.893025,0.184007,1
BN-sv_Ag,47,11,5,11,1.93,1.3045,6.78,7.5762,1.36,1234.93,2435,10490,107.87,209,1.659317,3.449404,2.13735,2.137375,2.138647,3.051963,0.148685,1.281262,1.449463,2
BN-sv_Cd,48,12,5,12,1.69,-0.725,7.36,8.9938,1.4,594.22,1040,8650,112.41,210,1.876289,2.641358,2.113714,2.123336,2.237536,3.059369,0.136249,3.044951,0.370624,2
BN-sv_Hf,72,4,6,4,1.3,0.017,16.2,6.8251,1.64,2506,4876,13310,178.49,208,1.912573,3.421162,1.984411,1.984421,1.985412,2.956851,0.146368,3.958998,-0.945349,2
BN-sv_Ta,73,5,6,5,1.5,0.323,13.1,7.5496,1.58,3290,5731,16650,180.95,209,1.83718,3.292371,1.958179,1.96094,1.96096,2.93037,0.150427,3.85634,-1.010104,2
BN-sv_W ,74,6,6,6,2.36,0.8163,11.1,7.864,1.5,3695,5828,19250,183.84,212,1.769137,3.24874,1.94367,1.943672,1.943676,2.92685,0.156065,3.651755,-0.951859,2
BN-sv_Re,75,7,6,7,1.9,0.0604,9.7,7.8335,1.41,3459,5869,21020,186.21,211,1.708303,3.169582,1.921968,1.922083,1.925842,2.902626,0.159228,3.386793,-0.982336,2
BN-sv_Os,76,8,6,8,2.2,1.1,8.5,8.4382,1.36,3306,5285,22610,190.23,206,1.659226,3.116003,1.9175,1.917506,1.917612,2.896186,0.161928,3.000354,-0.982031,2
BN-sv_Ir,77,9,6,9,2.2,1.5644,7.6,8.967,1.32,2739,4701,22650,192.22,207,1.657911,2.863691,1.918342,1.918382,1.993645,2.868609,0.153952,2.745169,0.139316,1
BN-sv_Pt,78,10,6,10,2.28,2.1251,6.5,8.9588,1.3,2041.4,4098,21090,195.08,208,1.606186,2.544846,1.935387,1.93541,2.040601,2.861335,0.151374,1.942412,-0.532743,2
BN-sv_Au,79,11,6,11,2.54,2.3086,5.8,9.2255,1.3,1337.33,3129,19300,196.97,209,1.595468,2.68606,2.026283,2.059733,2.060205,2.960355,0.153232,1.312697,-0.073139,0
BN-dv_Sc,21,3,4,3,1.36,0.188,17.8,6.5615,1.59,1814,3103,2985,44.956,204,1.866705,3.301655,1.997163,1.998184,2.665454,2.671661,0.153127,2.874434,-0.312393,2
BN-dv_Ti,22,4,4,4,1.54,0.084,14.6,6.8281,1.48,1941,3560,4507,47.867,205,1.752807,3.064808,1.91993,1.922551,2.395635,2.401322,0.12318,2.790171,-0.504241,2
BN-dv_V ,23,5,4,5,1.63,0.5277,12.4,6.7462,1.44,2183,3680,6110,50.942,206,1.686429,3.033135,1.871982,1.875291,2.325156,2.340057,0.123904,2.67521,-0.19132,1
BN-dv_Cr,24,6,4,6,1.66,0.6758,11.6,6.7665,1.3,2180,2944,7140,51.996,205,1.660368,2.527427,1.88588,1.886094,2.26413,2.265851,0.109423,2.501744,0.034791,0
BN-dv_Mn,25,7,4,7,1.55,-0.52,9.4,7.434,1.29,1519,2334,7470,54.938,206,1.748537,1.271083,1.85413,1.908653,2.158542,2.297731,0.094152,3.217302,-0.436204,2
BN-dv_Fe,26,8,4,8,1.83,0.1532,8.4,7.9024,1.24,1811,3134,7874,55.845,201,1.621036,1.360273,1.822117,1.93947,1.992077,2.193908,0.080323,2.609706,0.010978,0
BN-dv_Co,27,9,4,9,1.88,0.6623,7.5,7.881,1.18,1768,3200,8900,58.933,202,1.586015,1.326558,1.830439,1.884865,2.085887,2.189521,0.092875,2.205266,-0.408507,2
BN-dv_Ni,28,10,4,10,1.91,1.1572,6.8,7.6398,1.17,1728,3186,8908,58.693,203,1.546987,1.32544,1.846304,1.904065,2.071111,2.155839,0.087613,1.746869,-0.675554,2
BN-dv_Cu,29,11,4,11,1.9,1.2358,6.2,7.7264,1.22,1357.77,3200,8920,63.546,204,1.555051,1.294189,1.855763,1.905211,2.072035,2.203985,0.091576,1.773023,-0.392432,2
BN-dv_Zn,30,12,4,12,1.65,-0.62,5.75,9.3942,1.2,692.68,1180,7140,65.38,205,2.017345,1.235753,1.873958,1.895371,2.162795,2.336243,0.074813,3.725651,0.984907,2
BN-dv_Y ,39,3,5,3,1.22,0.307,22.7,6.2173,1.76,1799,3618,4472,88.906,204,2.035164,3.551722,2.138853,2.140478,2.81677,2.822117,0.14348,2.958197,-0.217626,2
BN-dv_Zr,40,4,5,4,1.33,0.4333,17.9,6.6339,1.64,2128,4682,6511,91.224,205,1.908804,3.352251,2.050412,2.050802,2.480731,2.487187,0.105073,3.062415,-0.518924,2
BN-dv_Nb,41,5,5,5,1.6,0.9174,15.7,6.7589,1.56,2750,5017,8570,92.906,206,1.81935,3.254142,1.978824,1.984188,2.348092,2.372338,0.098891,3.024273,-0.191427,1
BN-dv_Mo,42,6,5,6,2.16,0.7473,12.8,7.0924,1.46,2896,4912,10280,95.95,207,1.736513,3.156487,1.973052,1.983901,2.249298,2.282634,0.086407,2.652854,-0.475645,2
BN-dv_Tc,43,7,5,7,1.9,0.55,11.4,7.28,1.38,2430,4538,11500,98,206,1.706388,2.784618,1.996784,2.000094,2.196369,2.196986,0.070262,2.429781,-0.062617,0
BN-dv_Ru,44,8,5,8,2.2,1.0464,9.6,7.3605,1.36,2607,4423,12370,101.07,207,1.643357,2.466373,1.980918,1.981017,2.15155,2.158409,0.06936,1.93953,-0.222435,2
BN-dv_Rh,45,9,5,9,2.28,1.1429,8.6,7.4589,1.34,2237,3968,12450,102.91,208,1.676591,1.404541,1.972962,2.012336,2.089835,2.151763,0.062976,2.405848,-0.991715,2
BN-dv_Pd,46,10,5,10,2.2,0.5621,4.8,8.3369,1.3,1828.05,3236,12023,106.42,203,1.65636,1.368855,1.997515,2.066198,2.087607,2.158107,0.067591,1.902527,-0.859284,2
BN-dv_Ag,47,11,5,11,1.93,1.3045,6.78,7.5762,1.36,1234.93,2435,10490,107.87,204,1.702013,1.303091,1.998043,2.065546,2.095761,2.237027,0.067199,2.337137,-0.534225,2
BN-dv_Cd,48,12,5,12,1.69,-0.725,7.36,8.9938,1.4,594.22,1040,8650,112.41,205,1.681348,3.703772,2.237132,2.237204,2.845326,2.846644,0.16086,1.067344,1.494726,2
BN-dv_Hf,72,4,6,4,1.3,0.017,16.2,6.8251,1.64,2506,4876,13310,178.49,203,1.886104,3.270778,2.021661,2.027156,2.446453,2.476894,0.106838,3.051918,-0.868267,2
BN-dv_Ta,73,5,6,5,1.5,0.323,13.1,7.5496,1.58,3290,5731,16650,180.95,204,1.812746,3.206762,1.9695,1.973632,2.326073,2.345325,0.095996,3.072663,-0.423445,2
BN-dv_W ,74,6,6,6,2.36,0.8163,11.1,7.864,1.5,3695,5828,19250,183.84,207,1.745372,3.17485,1.965946,1.979954,2.222879,2.271947,0.082541,2.821935,-0.909687,2
BN-dv_Re,75,7,6,7,1.9,0.0604,9.7,7.8335,1.41,3459,5869,21020,186.21,206,1.705834,2.966637,2.007879,2.008318,2.186263,2.186811,0.066375,2.399186,-0.544045,2
BN-dv_Os,76,8,6,8,2.2,1.1,8.5,8.4382,1.36,3306,5285,22610,190.23,201,1.65844,2.520459,1.99113,1.991846,2.144636,2.147562,0.066095,2.069883,-0.796475,2
BN-dv_Ir,77,9,6,9,2.2,1.5644,7.6,8.967,1.32,2739,4701,22650,192.22,202,1.661873,1.56256,2.000655,2.013635,2.100544,2.113386,0.063932,2.162871,-1.127803,2
BN-dv_Pt,78,10,6,10,2.28,2.1251,6.5,8.9588,1.3,2041.4,4098,21090,195.08,203,1.63486,1.500054,2.011336,2.068127,2.074254,2.103407,0.069458,1.727022,-0.996947,2
BN-dv_Au,79,11,6,11,2.54,2.3086,5.8,9.2255,1.3,1337.33,3129,19300,196.97,204,1.656501,1.382131,1.995665,2.061311,2.092367,2.178388,0.068413,1.885626,-0.588,2
g-C3N4_Sc,21,3,4,3,1.36,0.188,17.8,6.5615,1.59,1814,3103,2985,44.956,268,1.801048,3.021906,2.382469,2.389721,2.399811,2.39985,0.083274,1.152549,-0.139641,1
g-C3N4_Ti,22,4,4,4,1.54,0.084,14.6,6.8281,1.48,1941,3560,4507,47.867,269,1.688362,2.765543,2.259188,2.283346,2.331299,2.402645,0.092041,1.059966,0.118077,1
g-C3N4_V ,23,5,4,5,1.63,0.5277,12.4,6.7462,1.44,2183,3680,6110,50.942,270,1.645211,2.683292,2.095686,2.146252,2.322133,2.556019,0.106273,1.182709,0.324574,2
g-C3N4_Cr,24,6,4,6,1.66,0.6758,11.6,6.7665,1.3,2180,2944,7140,51.996,269,1.622856,2.855394,2.264119,2.341986,2.344082,2.466402,0.10599,1.00821,0.586692,2
g-C3N4_Mn,25,7,4,7,1.55,-0.52,9.4,7.434,1.29,1519,2334,7470,54.938,270,1.670855,3.102267,2.371104,2.422533,2.484491,2.494335,0.107977,1.004048,0.52623,2
g-C3N4_Fe,26,8,4,8,1.83,0.1532,8.4,7.9024,1.24,1811,3134,7874,55.845,265,1.608823,2.978093,2.146464,2.166081,2.424247,2.612169,0.11924,1.053607,0.575848,2
g-C3N4_Co,27,9,4,9,1.88,0.6623,7.5,7.881,1.18,1768,3200,8900,58.933,266,1.546413,2.725494,1.973442,1.977133,2.537773,2.601074,0.166327,1.219144,0.531528,2
g-C3N4_Ni,28,10,4,10,1.91,1.1572,6.8,7.6398,1.17,1728,3186,8908,58.693,267,1.519066,2.815472,1.957833,1.983785,2.565274,2.571832,0.169467,1.145896,0.861467,2
g-C3N4_Cu,29,11,4,11,1.9,1.2358,6.2,7.7264,1.22,1357.77,3200,8920,63.546,268,1.496893,3.35344,1.949588,2.413626,2.785862,2.912509,0.203644,1.061138,0.577664,2
g-C3N4_Zn,30,12,4,12,1.65,-0.62,5.75,9.3942,1.2,692.68,1180,7140,65.38,269,1.517048,3.168483,2.034385,2.100883,2.740612,2.752186,0.185687,1.033647,-0.293667,2
g-C3N4_Y ,39,3,5,3,1.22,0.307,22.7,6.2173,1.76,1799,3618,4472,88.906,268,1.970304,3.201554,2.43074,2.433647,2.453273,2.453729,0.064392,2.074095,-0.07968,0
g-C3N4_Zr,40,4,5,4,1.33,0.4333,17.9,6.6339,1.64,2128,4682,6511,91.224,269,1.830452,3.015154,2.350694,2.353276,2.367989,2.373395,0.075331,1.389239,-0.328367,2
g-C3N4_Nb,41,5,5,5,1.6,0.9174,15.7,6.7589,1.56,2750,5017,8570,92.906,270,1.737595,2.896784,2.346225,2.347369,2.350943,2.35238,0.08789,1.082285,-0.178776,1
g-C3N4_Mo,42,6,5,6,2.16,0.7473,12.8,7.0924,1.46,2896,4912,10280,95.95,271,1.655446,2.831831,2.330861,2.332414,2.33433,2.334658,0.098673,1.015176,-0.327978,2
g-C3N4_Tc,43,7,5,7,1.9,0.55,11.4,7.28,1.38,2430,4538,11500,98,270,1.604888,2.497726,2.020564,2.025234,2.518576,2.603612,0.150942,1.303836,-0.317703,2
g-C3N4_Ru,44,8,5,8,2.2,1.0464,9.6,7.3605,1.36,2607,4423,12370,101.07,271,1.556945,2.473187,1.969314,1.972843,2.630801,2.66959,0.1816,1.273681,-0.245395,2
g-C3N4_Rh,45,9,5,9,2.28,1.1429,8.6,7.4589,1.34,2237,3968,12450,102.91,272,1.520586,2.563635,2.080291,2.221289,2.50288,2.660724,0.144447,1.013211,0.650381,2
g-C3N4_Pd,46,10,5,10,2.2,0.5621,4.8,8.3369,1.3,1828.05,3236,12023,106.42,267,1.516907,2.273078,2.099219,2.232867,2.554461,2.658487,0.146204,1.008481,0.548867,2
g-C3N4_Ag,47,11,5,11,1.93,1.3045,6.78,7.5762,1.36,1234.93,2435,10490,107.87,268,1.622035,3.728209,2.257253,2.890972,3.034967,3.136352,0.200492,1.006435,0.766401,2
g-C3N4_Cd,48,12,5,12,1.69,-0.725,7.36,8.9938,1.4,594.22,1040,8650,112.41,269,1.691398,3.460822,2.39711,2.407635,2.616732,2.724423,0.114226,1.005282,0.015332,0
g-C3N4_Hf,72,4,6,4,1.3,0.017,16.2,6.8251,1.64,2506,4876,13310,178.49,267,1.804335,2.986074,2.337403,2.337591,2.357523,2.36316,0.077798,1.296606,-0.546873,2
g-C3N4_Ta,73,5,6,5,1.5,0.323,13.1,7.5496,1.58,3290,5731,16650,180.95,268,1.73222,2.899944,2.3327,2.335233,2.335562,2.335868,0.087087,1.091886,-0.444054,2
g-C3N4_W ,74,6,6,6,2.36,0.8163,11.1,7.864,1.5,3695,5828,19250,183.84,271,1.667512,2.831076,2.312099,2.312152,2.320106,2.322997,0.09501,1.028333,-0.562576,2
g-C3N4_Re,75,7,6,7,1.9,0.0604,9.7,7.8335,1.41,3459,5869,21020,186.21,270,1.622383,2.583173,2.060593,2.067546,2.504904,2.532609,0.133907,1.242578,-0.656428,2
g-C3N4_Os,76,8,6,8,2.2,1.1,8.5,8.4382,1.36,3306,5285,22610,190.23,265,1.580996,2.543104,2.03989,2.0416,2.440415,2.449586,0.126796,1.166088,-0.572089,2
g-C3N4_Ir,77,9,6,9,2.2,1.5644,7.6,8.967,1.32,2739,4701,22650,192.22,266,1.586308,2.61254,1.955368,1.969416,2.273824,2.473589,0.125557,1.462405,0.346085,2
g-C3N4_Pt,78,10,6,10,2.28,2.1251,6.5,8.9588,1.3,2041.4,4098,21090,195.08,267,1.542209,2.321938,2.046353,2.240163,2.455408,2.736798,0.148773,1.036423,-0.315236,2
g-C3N4_Au,79,11,6,11,2.54,2.3086,5.8,9.2255,1.3,1337.33,3129,19300,196.97,268,1.567352,3.756723,2.193388,3.017123,3.035195,3.215403,0.222689,1.005085,-0.826831,2
